{"cameraMode":{"drawMode":0,"name":"Shaded","section":"Shading Mode"},"sceneLighting":true,"audioPlay":false,"sceneViewState":{"showFog":true,"showMaterialUpdate":false,"showSkybox":true,"showFlares":true,"showImageEffects":true,"showParticleSystems":true},"in2DMode":false,"pivot":{"x":-2.377401113510132,"y":-1.037088394165039,"z":7.484567642211914},"rotation":{"x":-0.18962419033050538,"y":-0.01770702563226223,"z":0.003409996163100004,"w":-0.981702446937561},"size":2.0964815616607668,"orthographic":false}